{"cameraMode":{"drawMode":0,"name":"Shaded","section":"Shading Mode"},"sceneLighting":false,"audioPlay":false,"sceneViewState":{"showFog":true,"showMaterialUpdate":false,"showSkybox":true,"showFlares":true,"showImageEffects":true,"showParticleSystems":true},"in2DMode":false,"pivot":{"x":24.481107711791993,"y":-1.110194206237793,"z":-7.100024700164795},"rotation":{"x":-0.04146801307797432,"y":-0.7244126200675964,"z":0.04374364763498306,"w":-0.6867387294769287},"size":12.868563652038575,"orthographic":false}